"ENGLISH","DEUTSCH","FRENCH","ITALIAN","SPANISH","CZECH","DUTCH","POLISH","TURKISH","RUSSIAN","STRING_INDEX"
"Installation",,,,,,,,,,1
"No Channel",,,,,,,,,,2
"Unknown","Unbekannt","Inconnu","Sconosciuto","Desconocido","Neznamo","Onbekend","Nieznany","Bilinmiyor","Неизвестно",3
"Abort Channel Search",,,,,,,,,,4
"Do you want to stop the channel scan?",,,,,,,,,,5
"Attention",,,,,,,,,,6
"Channel search has failed to complete",,,,,,,,,,7
"Vertical","Vertikal","Vertical","Verticale","Vertical","Vertikalni","Verticaal","Pionowy","Dikey","Вертикально",8
"Horizontal","Horizontal","Horizontal","Orizzontale","Horizontal","Horizontalni","Horizontaal","Poziomy","Yatay","Горизонтально",9
"TV Channels : %d \nRadio Channels : %d",,,,,,,,,,10
"Channel Search Result",,,,,,,,,,11
"Delete",,"Supprimer",,,,,,,,12
"Remove selections",,,,,,,,,,13
"Delete all",,,,,,,,,,14
"Multi-select",,,,,,,,,,15
"Delete Bookmark",,,,,,,,,,16
"Do you want to delete the selected file(s)?",,,,,,,,,,17
"No","Nein","Non","No","No","Ne","Nee","Nie","Hayır","Нет",18
"Yes","Ja","Oui","Si","Si","Ano","Ja","Tak","Evet","Да",19
"Start Recording",,,,,,,,,,20
"Start Time",,,,,,,,,,21
"End Time",,,,,,,,,,22
"Duration","Dauer","Duree","Durata","Duracion","Trvani","Duur","Czas trwania","Sure","Продолжительность",23
"mins",,,,,,,,,,24
"From EPG",,,,,,,,,,25
"Change Duration",,,,,,,,,,26
"Start",,,,,,,,,,27
"Cancel","Abbrechen","Annuler","Annulla","Cancelar","Storno","Annuleren","Przerwij","?ptal","Прервать",28
"Enter the end time",,,,,,,,,,29
"Enter duration",,,,,,,,,,30
"in mins",,,,,,,,,,31
"You were unable to change the duration",,,,,,,,,,32
"Error",,"Erreur",,,,,,,,33
"Move failed",,,,,,,,,,34
"Wait",,,,,,,,,,35
"Waiting",,,,,,,,,,36
"%s timed out",,,,,,,,,,37
"%s completed",,,,,,,,,,38
"Lock",,"Verrouiller",,,,,,,,39
"Unlock",,"Deverrouiller",,,,,,,,40
"Skip",,"Passer",,,,,,,,41
"Unskip",,"Ne pas sauter",,,,,,,,42
"Move",,,,,,,,,,43
"Add to favorites",,,,,,,,,,44
"Add OK",,,,,,,,,,45
"None",,"Aucun",,,,,,,,46
"Create group",,,,,,,,,,47
"Rename favorites",,,,,,,,,,48
"Rename OK",,,,,,,,,,49
"Delete favorites",,,,,,,,,,50
"Delete OK",,,,,,,,,,51
"Add Timer",,,,,,,,,,52
"Close",,,,,,,,,,53
"One step to East",,,,,,,,,,54
"One step to West",,,,,,,,,,55
"Rotate to East",,,,,,,,,,56
"Rotate to West",,,,,,,,,,57
"Stop","Stop","Stop","Arresto","Parada","Stop","Stop","Stop","Dur","Стоп",58
"Once",,,,,,,,,,59
"Weekly",,,,,,,,,,60
"Daily",,,,,,,,,,61
"Fri",,,,,,,,,,62
"Mon",,,,,,,,,,63
"Sat",,,,,,,,,,64
"Sun",,,,,,,,,,65
"Thu",,,,,,,,,,66
"Tue",,,,,,,,,,67
"Wed",,,,,,,,,,68
"Unknown Error",,,,,,,,,,69
"Edit Timer",,,,,,,,,,70
"Add Manual Timer",,,,,,,,,,71
"Confirm","Bestatigen","Confirmer","Conferma","Confirmar","Potvrdit","Bevestigen","Potwierd?","Onaylayın","Подтвердить",72
"Recording",,,,,,,,,,73
"Name",,,,,,,,,,74
"Record Name",,,,,,,,,,75
"Date","Datum","Date","Data","Fecha","Datum","Datum","Data","Tarih","Дата",76
"Start Date",,,,,,,,,,77
"Rename timer",,,,,,,,,,78
"A timer name must be at least %d characters long",,,,,,,,,,79
"You were unable to edit timer",,,,,,,,,,80
"The time you entered has already passed",,,,,,,,,,81
"There is no valid timer",,,,,,,,,,82
"Enter the start time",,,,,,,,,,83
"TV Screen Format",,,,,,,,,,84
"Audio HDMI",,,,,,,,,,85
"Video Format",,,,,,,,,,86
"Audio Setting",,,,,,,,,,87
"Please try again",,,,,,,,,,88
"Set Transponder",,,,,,,,,,89
"Enter TP frequency",,,,,,,,,,90
"Sorry, that's an irrelevant transponder frequency",,,,,,,,,,91
"Enter symbol rate",,,,,,,,,,92
"Frequency","Frequenz","Frequence","Frequenza","Frecuencia","Frekvence","Frequentie","Cz?stotliwo??","Frekans","частота",93
"Symbol Rate","Symbolrate","Debit de symbole","Symbolrate","Tasa de simbolos","Symbolova rychlost","Symbolrate","Symbol rate","Sembol oranı","Частота символов",94
"Automatic","Automatisch","Automatique","Automatico","Automatico","Automaticky","Automatisch","automatycznie","Otomatik","Автоматически",95
"QPSK 1/2",,,,,,,,,,96
"Add Satellite",,,,,,,,,,97
"Longitude Degree",,,,,,,,,,98
"Enter name for this satellite",,,,,,,,,,99
"Satellite Name","Satellitenname","Nom du satellite","Nome satellite","Nombre de satelite","Satelitni antena","Satellietnaam","Nazwa satelity","Uydu ismi","Имя спутника",100
"Longitude Direction",,,,,,,,,,101
"Longitude Angle",,,,,,,,,,102
"Band Type",,,,,,,,,,103
"Stop Recording",,,,,,,,,,104
"LNB Frequency",,,,,,,,,,105
"Low Frequency","LNB-Low-Frequenz","basse frequence LNB","Frequenza LNB-Low","Frecuencia LNB Low","Nizkofrekven?ni LNB","Lage frequentie van LNB","Niska cz?st. LNB","LNB-Low frekansı","Низкая частота LNB",106
"High Frequency","LNB-High-Frequenz","haute frequence LNB","Frequenza LNB-High","Frecuencia LNB High","Vysokofrekven?ni LNB","Hoge frequentie van LNB","Wysoka cz?st. LNB","LNB-High frekansı","Высокая частота LNB",107
"Switch Frequency","LNB-Grenzfrequenz","frequence limite LNB","Frequenza limite LNB","Frecuencia limite LNB","Mezni frekvence LNB","Grensfrequentie van LNB","Cz?stotliwo?? graniczna LNB","LNB sınır frekansı","Предельная частота LNB",108
"Off","Aus","Arret","Off","Off","Vyp","Uit","Wył.","Kapalı","Выкл",109
"On","An","Marche","On","On","Na","Op","Zał.","Acık","Вкл",110
"DHCP","DHCP","DHCP","DHCP","DHCP","DHCP","DHCP","DHCP","DHCP","DHCP",111
"Static",,,,,,,,,,112
"Ethernet",,,,,,,,,,113
"Wireless",,,,,,,,,,114
"Single","Einfach","Simple","Singola","Simple","Jednotliv?","Afzonderlijk","pojedyn.","Tek tek","По отдельности",115
"Universal","Universal","Universel","Universale","Universal","Univerzalni","Universeel","Uniwers.","Universal","Универсальный",116
"Userdefined",,,,,,,,,,117
"Reset Limits",,,,,,,,,,118
"Set Current Position as East Limit",,,,,,,,,,119
"Set Current Position as West Limit",,,,,,,,,,120
"East",,,,,,,,,,121
"West",,,,,,,,,,122
"North",,,,,,,,,,123
"South",,,,,,,,,,124
"First Installation","Erst-Installation","premiere installation","Prima installazione","Primera instalacion","Prvni instalace","Eerste installatie","Pierwsza instalacja","?lk kurulum","Первоначальная установка",125
"Antenna Setup",,,,,,,,,,126
"Channel Search","Programmsuchlauf","Recherche",,,,,,,,127
"Edit Satellite",,,,,,,,,,128
"Edit Transponder","Transponder bearbeiten","Editer le transpondeur","Modifica transponder","Editar transponders","Zpracovani transponderu","Transponder bewerken","Edytuj transponder","Transponder duzenle","Обработать ретрансляторы",129
"Configuration",,,,,,,,,,130
"CAS",,,,,,,,,,131
"You can setup Language, Video, Audio, Antenna, Satellite, Channel, Time and Date in the First Installation",,,,,,,,,,132
"Antenna Setup enables you to configure Tuner 1 and Tuner 2",,,,,,,,,,133
"Channel Search menu allows you to scan channels automatically or manually",,,,,,,,,,134
"You can add or delete a satellite here",,,,,,,,,,135
"Here you can add or delete transponders",,,,,,,,,,136
"Most of STB settings can be configured via the GUI under Configuration",,,,,,,,,,137
"The Conditional Access System allows you to setup Smartcard configurations",,,,,,,,,,138
"Favorite Add-ons",,,,,,,,,,139
"VIEW",,,,,,,,,,140
"LIST",,,,,,,,,,141
"THUMBNAIL",,,,,,,,,,142
"Add favorite addon",,,,,,,,,,143
"Delete favorite addon",,,,,,,,,,144
"Satellite Configuration","Satelliten-Konfiguration","Configuration des satellites","Configurazione satellite","Configuracion satelites","Konfigurace satelit?","Satellietconfiguratie","Konfiguracja satelity","Uydu konfigurasyonu","Конфигурирование спутников",145
"Select Satellite","Satelliten auswahlen","Selectionner satellites","Scegli i satelliti","Seleccionar satelites","Vyb?r satelitu","Selecteer satelliet","Wybor satelity","Uyduları secme","Выбрать спутник",146
"Select Transponder","Transponder auswahlen","Selectionner transpondeur","Scegli transponder","Seleccionar transponder","Vybrat transponder","Transponder selecteren","Wybierz transponder","Transponder secme","Выбрать ретранслятор",147
"Do you want to apply the rotation limits above?",,,,,,,,,,148
"Rotation Limits",,,,,,,,,,149
"Satellite","Satellit und Position","Satellite et position","Satellite e posizione","Satelite y posicion","Satelit a poloha","Satelliet en positie","Satelita i pozycja","Uydu ve konumu","Cпутник и положение",150
"Select the satellite you want to configure",,,,,,,,,,151
"LNB Type","LNB-Typ","Type de LNB","Tipo LNB","Tipo LNB","Typ LNB","LNB-type","typ LNB","LNB tipi","Тип преобразователя LNB",152
"Select a frequency range sent by the receiver to the LNB",,,,,,,,,,153
"Select the LNB frequency to the LNB you are using",,,,,,,,,,154
"22KHz Tone Control",,,,,,,,,,155
"When set to 'On', LNBs will be switched between Low and High band",,,,,,,,,,156
"Select the transponder for the selected satellite",,,,,,,,,,157
"Transponder",,,,,,,,,,158
"Rotate Antenna",,,,,,,,,,159
"You can control the movements of the motorized antenna here",,,,,,,,,,160
"Set the East and West limit of the DiSEqC motor, in order to protect from damage due to obstacles",,,,,,,,,,161
" - Set Limits",,,,,,,,,,162
"Press the OK button to apply the rotation limits for the motor",,,,,,,,,,163
"Save satellite positions and exit",,,,,,,,,,164
"Store Position and Exit",,,,,,,,,,165
"Try again after stopping the PVR first",,,,,,,,,,166
"You have reached the maximum number of\nrecordings allowed",,,,,,,,,,167
"Recording stopped due to insufficient disk space",,,,,,,,,,168
"No support %s",,,,,,,,,,169
"No configured satellite is available",,,,,,,,,,170
"There is no configured satellite in the list",,,,,,,,,,171
"Select satellites you wish to search from",,,,,,,,,,172
"When set to 'On', new channels are searched from existing transponders and the additional transponders that stored by transponder network however if you set this option to 'Off', only the transponder you selected will be searched",,,,,,,,,,173
"Search Type",,,,,,,,,,174
"Select the type of channels you want to search for",,,,,,,,,,175
"Press the OK button to search channels",,,,,,,,,,176
"Start Search","Suchlauf starten","Lancer la recherche","Avvia ricerca","Iniciar busqueda","Spustit vyhledavani","Zoeken starten","Uruchomi? wyszukiwanie","Aramayı ba?lat","Запустить поиск",177
"All","Alle","Tous","Tutti","Todos","V?e","Alle","Wszystkie","Tumu","Все",178
"Language",,,,,,,,,,179
"Parental Control",,,,,,,,,,180
"Recording Option",,,,,,,,,,181
"HDMI Setting",,,,,,,,,,182
"Network Setting",,,,,,,,,,183
"Time Setting","Datum und Uhrzeit","Date et heure","Data e ora","Fecha y hora","Datum a hodinovy ?as","Datum en tijd","Data i?godzina","Tarih ve saat","Дата и время",184
"HDD Format",,,,,,,,,,185
"Factory Reset","Werkseinstellung laden","Charger les valeurs d’usine","Carica impostazioni di fabbrica","Cargar ajustes de fabrica","Na?teni nastaveni z vyroby","Fabrieksinstelling laden","Wczytywanie ustawie? fabrycznych","Fabrika ayarlarını yukle","Загрузить заводскую настройку",186
"Miscellaneous",,,,,,,,,,187
"Set the STB language preferences",,,,,,,,,,188
"Set limits on your kids' STB use",,,,,,,,,,189
"Adjust settings for recording in STB",,,,,,,,,,190
"Set the system's digital audio output settings",,,,,,,,,,191
"Set the output settings for TVs that support HDMI cable",,,,,,,,,,192
"Set up or change network connections including wireless",,,,,,,,,,193
"Adjust settings related to the system's date and time",,,,,,,,,,194
"Delete eveything off your hard drive",,,,,,,,,,195
"Restore the system software to its default settings",,,,,,,,,,196
"Adjust additional settings for STB including fan speed control",,,,,,,,,,197
"Select Menu Language",,,,,,,,,,198
"Change Language",,,,,,,,,,199
"It will take some time to bring up display changes",,,,,,,,,,200
"Please be patience after pressing the OK button",,,,,,,,,,201
"Not support Win32",,,,,,,,,,202
"Enter your PIN code",,,,,,,,,,203
"Sorry, that's an incorrect PIN code",,,,,,,,,,204
"Enter new PIN code",,,,,,,,,,205
"The PIN code must be 4-digit long",,,,,,,,,,206
"Confirm your PIN code",,,,,,,,,,207
"Sorry, that PIN code does not match",,,,,,,,,,208
"Change PIN code",,,,,,,,,,209
"Your PIN code has been changed successfully",,,,,,,,,,210
"DO YOU WANT TO RESET TO FACTORY SETTINGS?",,,,,,,,,,211
"WARNING",,,,,,,,,,212
"Now restoring...",,,,,,,,,,213
"Menu Language",,,,,,,,,,214
"Select the language you want the menu to be in",,,,,,,,,,215
"Select the language that you wish to listen to",,,,,,,,,,216
"Select the language for the subtitle to be in",,,,,,,,,,217
"Select the language for the secondary subtitle to be in",,,,,,,,,,218
"Set the hearing impaired function",,,,,,,,,,219
"Edit Parental Settings",,,,,,,,,,220
"Enter your PIN code to change the parental settings",,,,,,,,,,221
" - Lock Main Menu",,,,,,,,,,222
"Set a restriction for the main menu",,,,,,,,,,223
" - Age Limit",,,,,,,,,,224
"Set an access restriction to chosen channels",,,,,,,,,,225
" - Change PIN Code",,,,,,,,,,226
"Change your PIN code",,,,,,,,,,227
"When set to 'On', the STB automatically start a timeshift recording when a different channel is selected",,,,,,,,,,228
"Select the preferred size of timeshift buffer",,,,,,,,,,229
"Select recording duration for a channel that has no EPG info",,,,,,,,,,230
"Set the pre-recording time for a EPG channel",,,,,,,,,,231
"Set the post-recording time for a EPG channel",,,,,,,,,,232
"Dolby Audio",,,,,,,,,,233
"When set to 'On', Dolby Digital audio will be selected automatically when broadcast",,,,,,,,,,234
"Set the Audio HDMI format",,,,,,,,,,235
"Select a delay time for audio",,,,,,,,,,236
"Set the display's HDMI resolution",,,,,,,,,,237
"Select the display format for TV screen",,,,,,,,,,238
"Set RGB or YUV for HDMI Color Space",,,,,,,,,,239
"Set your TV system format",,,,,,,,,,240
"Network Connection",,,,,,,,,,241
"Select Ethernet or Wireless for your network connection",,,,,,,,,,242
"Search AP",,,,,,,,,,243
"Search Access Points around your STB",,,,,,,,,,244
"Enable hidden Subsystem Identification (SSID)",,,,,,,,,,245
"Hidden SSID",,,,,,,,,,246
" - Set Hidden SSID",,,,,,,,,,247
"Enter the hidden SSID you wish to use",,,,,,,,,,248
"Enter the encryption key for wireless connection",,,,,,,,,,249
"Set Encryption Key",,,,,,,,,,250
"Press the OK button to connect to the AP you have chosen",,,,,,,,,,251
"Apply",,,,,,,,,,252
"Assign IP Address",,,,,,,,,,253
"When set to 'DHCP', your IP address will be automatically allocated by the DHCP server",,,,,,,,,,254
"Enter your IP address",,,,,,,,,,255
"IP Address","IP-Addresse","Adresse IP","Indirizzo IP","Direccion IP","Adresa IP","IP-adres","Adres IP","IP adresi","IP-адрес",256
"Enter your subnet mask",,,,,,,,,,257
"Subnet Mask","Subnetzmaske","Masque de sous-reseau","Maschera di subnet","Mascara subred","Maska podsit?","Subnetmasker","Maska podsieci","Alt a? maskesi","Маска подсети",258
"Enter your gateway",,,,,,,,,,259
"Gateway","Standardgateway","passerelle par defaut","Gateway standard","Pasarela estandar","Stand. gateway","Standaardgateway","Bramka standard","Standart a? gecidi","Стандартный шлюз",260
"DNS","DNS-Server","serveur DNS","Server DNS","Servidor DNS","DNS server","DNS-server","Serwer DNS","DNS sunucusu","Сервер DNS",261
"Enter the DNS server address",,,,,,,,,,262
"Press the OK button to save the IP address settings",,,,,,,,,,263
"Time & Date",,,,,,,,,,264
"When set to 'Automatic', the time and date will be obtained automatically from the channel that you select",,,,,,,,,,265
"Channel",,,,,,,,,,266
"Select a channel you want to set your time and date by",,,,,,,,,,267
"Enter today's date",,,,,,,,,,268
"Set the local time",,,,,,,,,,269
"Time","Uhrzeit","Heure","Ora","Hora","Hodinovy ?as","Tijd","godzina","Saat","Время",270
"Set the time zone that will be the basis for the date and time display",,,,,,,,,,271
"When set to 'Automatic', the system automatically change over to summer time",,,,,,,,,,272
"Press the OK button to save time settings",,,,,,,,,,273
"File System",,,,,,,,,,274
"Select a disk file system format for your hard drive",,,,,,,,,,275
"Press the OK button to format your hard drive",,,,,,,,,,276
"Start Format",,,,,,,,,,277
"Go to First Installation after restoring system to the factory default",,,,,,,,,,278
"Start Factory Reset",,,,,,,,,,279
"When set to 'On', the system switches to deep standby mode when you press the 'Power' button to help reduce the amount of electricity used",,,,,,,,,,280
"Set the time for swithcing into standby mode when not being used",,,,,,,,,,281
"Adjust the fan speed level for your system",,,,,,,,,,282
"Channel Banner Time",,,,,,,,,,283
"Set the time for the channel info to be displayed when zapping",,,,,,,,,,284
"Playback Banner Time",,,,,,,,,,285
"Set the time for the playback info to be displayed on the screen",,,,,,,,,,286
"Now connecting...",,,,,,,,,,287
"Network setup has failed to complete",,,,,,,,,,288
"Invalid IP address",,,,,,,,,,289
"Devices not found",,,,,,,,,,290
"Now search...",,,,,,,,,,291
"No AP list",,,,,,,,,,292
"Select AP",,,,,,,,,,293
"    - quality : %s Encryption : %s",,,,,,,,,,294
"Enter your SSID",,,,,,,,,,295
"Enter an encryption key",,,,,,,,,,296
"AP or devices not found",,,,,,,,,,297
"The password must be between 8 and 64 characters",,,,,,,,,,298
"The password length is invalid",,,,,,,,,,299
"STB was unable to save the Wifi configuration",,,,,,,,,,300
"Enter an IP address",,,,,,,,,,301
"Select Channel",,,,,,,,,,302
"Enter your local time",,,,,,,,,,303
"Setting Time...",,,,,,,,,,304
"Automatic time setup has failed because",,,,,,,,,,305
"no time info was given by the channel you selected",,,,,,,,,,306
"Archive",,,,,,,,,,307
"Try again after stopping the PVR or timeshift first",,,,,,,,,,308
"POSTER_WRAP",,,,,,,,,,309
"FANART",,,,,,,,,,310
"DATE",,,,,,,,,,311
"SORT BY",,,,,,,,,,312
"CHANNEL",,,,,,,,,,313
"TITLE",,,,,,,,,,314
"DURATION",,,,,,,,,,315
"Play from beginning",,,,,,,,,,316
"Rename",,,,,,,,,,317
"Delete Record",,,,,,,,,,318
"DO YOU WANT TO REMOVE ALL YOUR FILES?",,,,,,,,,,319
"Enter new name for this media file",,,,,,,,,,320
"A filename must be at least %d characters long",,,,,,,,,,321
"HDD",,,,,,,,,,322
"Version",,,,,,,,,,323
"STB Information",,,,,,,,,,324
"Product Name : %s",,,,,,,,,,325
"Product Number : %s",,,,,,,,,,326
"Hardware Version : %s",,,,,,,,,,327
"Software Version : %s",,,,,,,,,,328
"Bootloader Version : %s",,,,,,,,,,329
"Name & Total Size : %s ( %s )",,,,,,,,,,330
"Media Usage : %s%% ( %s / %s )",,,,,,,,,,331
"Program Usage : %s%% ( %s / %s )",,,,,,,,,,332
"Recording Usage : %s%% ( %s / %s )",,,,,,,,,,333
"Name & Total Size : Unknown",,,,,,,,,,334
"Media Usage : Unknown",,,,,,,,,,335
"Program Usage : Unknown",,,,,,,,,,336
"Recording Usage : Unknown",,,,,,,,,,337
"Temperature : %s",,,,,,,,,,338
"Timer",,,,,,,,,,339
"Back to Previous Page",,,,,,,,,,340
"Delete Timer",,,,,,,,,,341
"Delete All Timers",,,,,,,,,,342
"Do you want to delete the timer?",,,,,,,,,,343
"DO YOU WANT TO REMOVE ALL YOUR TIMERS?",,,,,,,,,,344
"No satellite infomation is available",,,,,,,,,,345
"Please reset your STB",,,,,,,,,,346
"Select Frequency",,,,,,,,,,347
"Add a new transponder first",,,,,,,,,,348
"No transponder info is available for the satellite",,,,,,,,,,349
"You were unable to add the transponder",,,,,,,,,,350
"You were unable to edit the transponder",,,,,,,,,,351
"Do you want to remove the transponder?",,,,,,,,,,352
"Delete Transponder","Transponder loschen","Supprimer transpondeur","Cancella transponder","Borrar transponder","Vymazani transponderu","Transponder wissen","Usu? transponder","Transponder sil","Удалить ретранслятор",353
"You were unable to delete the transponder",,,,,,,,,,354
"Select a satellite you want to change settings",,,,,,,,,,355
"Select the frequency of the data stream, in which the channel is encoded",,,,,,,,,,356
"Polarization",,,,,,,,,,357
"Add Transponder",,,,,,,,,,358
"Add a new transponder to the list",,,,,,,,,,359
"Delete a transponder from the list",,,,,,,,,,360
"Configure your transponder settings",,,,,,,,,,361
"Conditional Access",,,,,,,,,,362
"Not inserted",,,,,,,,,,363
"Smartcard Information",,,,,,,,,,364
"View Smartcard information",,,,,,,,,,365
"CAM Information",,,,,,,,,,366
"View CAM information",,,,,,,,,,367
"Change PIN Code",,,,,,,,,,368
"Access maturity rating",,,,,,,,,,369
"Maturity Rating",,,,,,,,,,370
"Operator Message",,,,,,,,,,371
"View operator message",,,,,,,,,,372
"DO YOU REALLY WANT TO REMOVE\nALL YOUR CHANNELS?",,,,,,,,,,373
"No Channels",,,,,,,,,,374
"SORTED BY %s",,,,,,,,,,375
"Save Zapping Mode",,,,,,,,,,376
"Do you want to save the channel list?",,,,,,,,,,377
"Save Changes",,,,,,,,,,378
"Do you want to save changes?",,,,,,,,,,379
"Channel List",,,,,,,,,,380
"Edit Channel List","Programmliste bearbeiten","Editer la liste des programmes","Modifica elenco programmi","Editar lista de canales","Upravit seznam program?","Programmalijst bewerken","Edytuj list? programow","Program listesini duzenle","Обработать список программ",381
"All CHANNELS",,,,,,,,,,382
"SATELLITE",,,,,,,,,,383
"FTA/CAS",,"FTA/CAS",,,,,,,,384
"FAVORITES",,,,,,,,,,385
"MODE",,,,,,,,,,386
"DO YOU WANT TO DELETE THE CHANNEL(S)\nTHAT IS CURRENTLY RECORDING OR RESERVED?",,,,,,,,,,387
"Try again after stopping all your recordings first",,,,,,,,,,388
"There is nothing in the channel list",,,,,,,,,,389
"Create new favorites",,,,,,,,,,390
"Add to favorite channel",,,,,,,,,,391
"Save and exit",,,,,,,,,,392
"Select a channel(s) you want to add",,,,,,,,,,393
"Select a favorites you want to add",,,,,,,,,,394
"Select a favorites you want to rename",,,,,,,,,,395
"Select a favorites you want to remove",,,,,,,,,,396
"Delete Favorites",,,,,,,,,,397
"Do you want to remove %s?",,,,,,,,,,398
"Enter name for new favorites",,,,,,,,,,399
"Enter new name for this favorites",,,,,,,,,,400
"Edit channels",,,,,,,,,,401
"Delete all channels",,,,,,,,,,402
"Media Center",,,,,,,,,,403
"Tuner %s Config : Motorized, Usals",,,,,,,,,,404
"Latitude Degree",,,,,,,,,,405
"My Longitude Direction",,,,,,,,,,406
"Set the longitude direction for your area",,,,,,,,,,407
"Enter the longitude angle for your location",,,,,,,,,,408
"My Longitude Angle",,,,,,,,,,409
"My Latitude Direction",,,,,,,,,,410
"Set the latitude direction for your area",,,,,,,,,,411
"Enter the latitude angle for your location",,,,,,,,,,412
"My Latitude Angle",,,,,,,,,,413
"Reference Position to Null",,,,,,,,,,414
"Rotates the moter to 0 as a reference point",,,,,,,,,,415
"Here you can setup satellites for Motorized USALS",,,,,,,,,,416
"Tuner %d Config : %s",,,,,,,,,,417
"You can only have 4 satellites for DiSEqC 1.0",,,,,,,,,,418
"Same satellite already configured",,,,,,,,,,419
"There is no satellite left in the list",,,,,,,,,,420
"Delete Satellite","Satellit loschen","Supprimer satellite","Cancella satellite","Borrar satelite","Vymazani satelitu","Satelliet wissen","Usu? satelit?","Uydu sil","Удалить спутник",421
"Press the OK button to setup %s",,,,,,,,,,422
"Add a new satellite to your satellite list",,,,,,,,,,423
"Delete a satellite from your list",,,,,,,,,,424
"DiSEqC 1.0 Switch",,,,,,,,,,425
"Select a DiSEqC switch you want to connect to the receiver",,,,,,,,,,426
"DiSEqC Repeat","DiSEqC Wiederholung","Repetition DiSEqC","Ripetizione DiSEqC","Repeticion DiSEqC","Opakovani DiSEqC","DiSEqC-herhaling","Powtarzanie DiSEqC","DiSEqC tekrarlama","Повтор DiSEqC",427
"When set to 'On', DiSEqC repeats its command",,,,,,,,,,428
"Antenna & Satellite Setup",,,,,,,,,,429
"Please reset your STB\nNo satellite information is available",,,,,,,,,,430
"Tuner 2 Connection",,,,,,,,,,431
"When set to 'Separated', the Tuner 2 receives its own signal input however it will receive only the channel level currently being received by the Tuner 1 when this is set to 'Loopthrough'",,,,,,,,,,432
"Tuner 2 Signal",,,,,,,,,,433
"When set to 'Same with Tuner 1', both tuners are connected to the same signal source",,,,,,,,,,434
"Select a control method for Tuner 1",,,,,,,,,,435
"Tuner 1 Control",,,,,,,,,,436
" - Tuner 1 Configuration",,,,,,,,,,437
"You can add, delete or configure satellites here",,,,,,,,,,438
"Select a control method for Tuner 2",,,,,,,,,,439
" - Tuner 2 Configuration",,,,,,,,,,440
"Go back to Video & Audio Setup",,,,,,,,,,441
"Go to Channel Search Setup",,,,,,,,,,442
"Next",,,,,,,,,,443
"Previous",,,,,,,,,,444
"Abort Installation",,,,,,,,,,445
"Do you want to quit the first installation?",,,,,,,,,,446
"Do you want to save changes before exit?",,,,,,,,,,447
"Save Configuration",,,,,,,,,,448
"Unkown",,,,,,,,,,449
"Enter new name for this satellite",,,,,,,,,,450
"You were unable to change satellite name",,,,,,,,,,451
"You were unable to add a new satellite in the list",,,,,,,,,,452
"The satellite already exists in the list",,,,,,,,,,453
"Delete satellite",,,,,,,,,,454
"Do you want to remove this satellite?",,,,,,,,,,455
"You were unable to remove the satellite from the list",,,,,,,,,,456
"Longitude",,,,,,,,,,457
"Change the name of the satellite you selected",,,,,,,,,,458
"Rename Satellite",,,,,,,,,,459
"Add a new satellite to the list",,,,,,,,,,460
"Delete a satellite from the list",,,,,,,,,,461
"Select Audio Language",,,,,,,,,,462
"Language Setup",,,,,,,,,,463
"Audio Language",,,,,,,,,,464
"Go to Video & Audio Setup",,,,,,,,,,465
"Video & Audio Setup",,,,,,,,,,466
"Select the display's HDMI resolution",,,,,,,,,,467
"Go back to Language Setup",,,,,,,,,,468
"Go to Antenna & Satellite Setup",,,,,,,,,,469
"Channel Search Setup",,,,,,,,,,470
"Do you want to perform a channel search in the First Installation?",,,,,,,,,,471
"Select the satellite you wish to search from",,,,,,,,,,472
"When set to 'On', new channels are searched from existing transponders and the additional transponders stored by transponder network however if you set this option to 'Off', only the transponder you selected will be searched",,,,,,,,,,473
"Search Mode",,,,,,,,,,474
"Select the type of channel you want to search for",,,,,,,,,,475
"Go back to Antenna & Satellite Setup",,,,,,,,,,476
"Go to Time & Date Setup",,,,,,,,,,477
"Time & Date Setup",,,,,,,,,,478
"When set to 'Automatic', the time will be obtained by the receiver automatically from a specific channel that you select",,,,,,,,,,479
"Enter the local time",,,,,,,,,,480
"When set to 'Automatic', the system automatically change over to and from summer and winter time",,,,,,,,,,481
"Go back to Channel Search Setup",,,,,,,,,,482
"Go to Summary of First Installation",,,,,,,,,,483
"Summary of First Installation",,,,,,,,,,484
"Number of your TV Channels",,,,,,,,,,485
"Number of your Radio Channels",,,,,,,,,,486
"Go back to Time & Date Setup",,,,,,,,,,487
"Return to the Installation page",,,,,,,,,,488
"Finish",,,,,,,,,,489
"Today's date",,,,,,,,,,490
"Local time",,,,,,,,,,491
"Tuner %d Config : OneCable",,,,,,,,,,492
"Tuner %d PIN code",,,,,,,,,,493
"Tuner 1 PIN code",,,,,,,,,,494
"Tuner 2 PIN code",,,,,,,,,,495
"Please set a different value for each tuner",,,,,,,,,,496
"Save configuration",,,,,,,,,,497
"When set to 'On', multiple TVs within the same storied building with a single or two dish antennas will receive Direct-to-Home service",,,,,,,,,,498
"Enter your PIN code for Tuner %d",,,,,,,,,,499
"Tuner %d PIN Code",,,,,,,,,,500
"Select number of Single Cable Routers for Tuner %d",,,,,,,,,,501
"Tuner %d SCR",,,,,,,,,,502
"Select the frequency for Tuner %d",,,,,,,,,,503
"Tuner %d Frequency",,,,,,,,,,504
"Enter your PIN code for Tuner 1",,,,,,,,,,505
"Tuner 1 PIN Code",,,,,,,,,,506
"Select number of Single Cable Routers for Tuner 1",,,,,,,,,,507
"Tuner 1 SCR",,,,,,,,,,508
"Select the frequency for Tuner 1",,,,,,,,,,509
"Tuner 1 Frequency",,,,,,,,,,510
"Enter your PIN code for Tuner 2",,,,,,,,,,511
"Tuner 2 PIN Code",,,,,,,,,,512
"Select number of Single Cable Routers for Tuner 2",,,,,,,,,,513
"Tuner 2 SCR",,,,,,,,,,514
"Select the frequency for Tuner 2",,,,,,,,,,515
"Tuner 2 Frequency",,,,,,,,,,516
"EPG",,,,,,,,,,517
"No channel was available",,,,,,,,,,518
"CURRENT",,,,,,,,,,519
"FOLLOWING",,,,,,,,,,520
"No event",,,,,,,,,,521
"Select channel",,,,,,,,,,522
"Edit timer",,,,,,,,,,523
"Delete timer",,,,,,,,,,524
"Add timer",,,,,,,,,,525
"Add manual timer",,,,,,,,,,526
"Delete all timers",,,,,,,,,,527
"Show all timers",,,,,,,,,,528
"Search",,,,,,,,,,529
"Extend infomation",,,,,,,,,,530
"Do you want to remove the timer?",,,,,,,,,,531
"Enter search keywords here",,,,,,,,,,532
"A search keyword must be at least %d characters long",,,,,,,,,,533
"No matched result found",,,,,,,,,,534
"Search Result",,,,,,,,,,535
"Automatic Scan",,,,,,,,,,536
"Search TV & Radio channels without entering any satellite information",,,,,,,,,,537
"Manual Scan",,,,,,,,,,538
"Scan channels on specific transponder by setting frequency, symbol rate, polarization, etc",,,,,,,,,,539
"Select the required LNB frequency to the LNB you are using",,,,,,,,,,540
"Committed Switch",,,,,,,,,,541
"Select a committed switch you want to connect to the receiver",,,,,,,,,,542
"Select an uncommitted switch you want to connect to the receiver",,,,,,,,,,543
"Uncommitted Switch","Uncommitted Switch","Uncommitted Switch","Uncommitted Switch","Uncommitted Switch","Uncommitted Switch","Niet-toegewezen schakelaar","Uncommitted Switch","Uncommitted Switch","Свободный переключатель",544
"Reloading channel list...",,,,,,,,,,545
"Select a satellite you wish to search channels from",,,,,,,,,,546
"Custom Setup",,,,,,,,,,547
"Enable/Disable custom setup",,,,,,,,,,548
"Select the transponder frequency for the selected satellite",,,,,,,,,,549
" - Transponder Frequency",,,,,,,,,,550
"Enter the transponder frequency for the selected satellite",,,,,,,,,,551
" - DVB Type",,,,,,,,,,552
"Select the Digital Video Broadcasting type for the selected satellite",,,,,,,,,,553
" - FEC",,,,,,,,,,554
"Select type and extent of the Foward Error Correction in the data stream",,,,,,,,,,555
" - Polarization",,,,,,,,,,556
"Set the orientation of the electromagnetic waves received from the satellite",,,,,,,,,,557
" - Symbol Rate",,,,,,,,,,558
"Set the amount of data, that is transferred per second in the data stream",,,,,,,,,,559
"Configure the initial settings for OneCable",,,,,,,,,,560
"Initial Setup",,,,,,,,,,561
"Number of Satellites","Anzahl Satelliten","Nombre de satellites","Numero satelliti","Cantidad de satelites","Po?et satelit?","Aantal satellieten","Ilo?? satelitow","Uydu sayısı","Количество спутников",562
"Select number of satellites for OneCable",,,,,,,,,,563
"Satellite %d",,,,,,,,,,564
"No EPG Information is available",,,,,,,,,,565
"The recording you just requested confilcts with",,,,,,,,,,566
"File not found : %s",,,,,,,,,,567
"Test scenario not available : %s",,,,,,,,,,568
"UnKnown",,,,,,,,,,569
"Last ServiceType",,,,,,,,,,3001
"TV","TV","TV","TV","TV","TV","TV","TV","TV","ТВ",3002
"Radio","Radio","Radio","Radio","Radio","Rozhlas","Radio","Radio","Radyo","Радио",3003
"CurrentVoutResolution",,,,,,,,,,3004
"Normal","Normal","Normale","Normale","Normal","Normalni","Normaal","zwykły","Normal","Нормально",3005
"First","Zuerst","Tout d'abord","Prima","Primero","Nejprve","Eerst","Najpierw","Once","Вначале",3006
"FTI",,,,,,,,,,3007
"Serial kbd",,,,,,,,,,3008
"Wakeup Mode",,,,,,,,,,3009
"Wakeup From RCU","Wakeup From RCU","Wakeup From RCU","Wakeup From RCU","Wakeup From RCU","Wakeup From RCU","Wakeup From RCU","Wakeup From RCU","Wakeup From RCU","Wakeup From RCU",3010
"Wakeup from Button","Wakeup from Button","Wakeup from Button","Wakeup from Button","Wakeup from Button","Wakeup from Button","Wakeup from Button","Wakeup from Button","Wakeup from Button","Wakeup",3011
"Wakeup from Timer","Wakeup from Timer","Wakeup from Timer","Wakeup from Timer","Wakeup from Timer","Wakeup from Timer","Wakeup from Timer","Wakeup from Timer","Wakeup from Timer","Wakeup from Timer",3012
"Wakeup from AC","Wakeup from AC","Wakeup from AC","Wakeup from AC","Wakeup from AC","Wakeup from AC","Wakeup from AC","Wakeup from AC","Wakeup from AC","Wakeup from AC",3013
"Log Option",,,,,,,,,,3014
"No Log",,,,,,,,,,3015
"Log Serial",,,,,,,,,,3016
"Log File",,,,,,,,,,3017
"Video Output",,,,,,,,,,3018
"HDMI / YUV","HDMI / YUV","HDMI/YUV","HDMI / YUV","HDMI/YUV","HDMI / YUV","HDMI / YUV","HDMI/YUV","HDMI / YUV","HDMI/YUV",3019
"SCART","SCART","SCART","SCART","SCART","SCART","SCART","SCART","SCART","SCART",3020
"HDMI Format",,,,,,,,,,3021
"Show 4:3",,,,,,,,,,3022
"Normal (Pillarbox)","Normal (Pillarbox)","normal (Pillarbox)","Normale (Pillarbox)","Normal (Pillarbox)","Normalni (Pillarbox)","Normaal (pillarbox)","normalny (pilarbox)","Normal (Pillarbox)","Нормальное изображение (Pillarbox)",3023
"Stretched (Fullscreen)","Gestreckt (Vollbild)","allonge (plein ecran)","Allungato (visualizzazione estesa)","Estirada (pantalla completa)","Rozta?ene (cely obraz)","Gestrekt (volledig scherm)","rozci?gni?ty (pełny ekran)","Geni? ekran (Tam ekran)","Растянутое изображение (полный экран)",3024
"Zoom (PanScan)","Aufgezoomt (Pan & Scan)","zoome (Pan & Scan)","zoomato (Pan & Scan)","Ampliada con zoom (Pan & Scan)","zv?t?eno (Pan & Scan)","Ingezoomd (Pan & Scan)","powi?kszony (pan & scan)","Buyutulmu? olarak (Pan & Scan)","Увеличенное изображение (Pan & Scan)",3025
"Decoded PCM","Dekodiertes PCM","PCM decode","PCM decodificato","PCM decodificado","Dekodovane PCM","Gedecodeerde PCM","Zdekodowany PCM","Kod cozucu PCM","Декодированый ИКМ-сигнал",3026
"S/PDIF Format","S/PDIF-Format","Format S/PDIF","Formato S/PDIF","Formato S/PDIF","Format S/PDIF","S/PDIF-formaat","Format S/PDIF","S/PDIF formatı","Формат S/PDIF",3027
"TV Aspect",,,,,,,,,,3028
"Picture 4:3",,,,,,,,,,3029
"Letterbox","Letterbox","Letterbox","Letterbox","Letterbox","Letterbox","Letterbox","Letterbox","Letterbox","Letterbox",3030
"Pan & Scan","Pan & Scan","Pan & Scan","Pan & Scan","Pan & Scan","Pan & Scan","Pan & Scan","pan & scan","Pan & Scan","Pan & Scan",3031
"Picture 16:9",,,,,,,,,,3032
"Always 16:9","Immer 16:9","Toujours 16:9","Sempre 16:9","Siempre 16:9","V?dy16:9","Altijd 16:9","Zawsze 16:9","Daima 16:9","Всегда 16:9",3033
"Scart TV",,,,,,,,,,3034
"Scart VCR",,,,,,,,,,3035
"Audio Dolby",,,,,,,,,,3036
"TV System",,,,,,,,,,3037
"PAL","PAL","PAL","PAL","PAL","PAL","PAL","PAL","PAL","PAL",3038
"NTSC","NTSC","NTSC","NTSC","NTSC","NTSC","NTSC","NTSC","NTSC","NTSC",3039
"Deutsch","Deutsch","Deutsch","Deutsch","Aleman","N?m?ina","Deutsch","niemiecki","Deutsch","Немецкий",3040
"English","English","English","English","Ingles","Angli?tina","English","angielski","English","Английский",3041
"Francais","Francais","Francais","Francais","Frances","Francouz?tina","Francais","francuski","Francais","Французский",3042
"Italiano","Italiano","Italiano","Italiano","Italiano","Ital?tina","Italiano","włoski","Italiano","Итальянский",3043
"Espanol","Espanol","Espanol","Espanol","Espanol","?pan?l?tina","Espanol","hiszpa?ski","Espanol","Испанский",3044
"Cestina","Cestina","Cestina","Cestina","Checo","?e?tina","Cestina","czeski","Cestina","Чешский",3045
"Nederlands","Nederlands","Nederlands","Nederlands","Holandes","Nizozem?tina","Nederlands","holenderski","Nederlands","Нидерландский",3046
"Polski","Polski","Polski","Polski","Polaco","Pol?tina","Polski","polski","Polski","Польский",3047
"Turkce","Turkce","Turkce","Turkce","Turco","Ture?tina","Turkce","turecki","Turkce","Турецкий",3048
"Russian","Russisch","Russe","Russo","Ruso","Ru?tina","Russisch","Rosyjski","Rusca","Русский",3049
"Subtitle Language",,,,,,,,,,3050
"Disable","Aus","Arret","Off","Off","Vyp","Uit","Wył.","Kapalı","Выкл",3051
"Secondary Subtitle Language",,,,,,,,,,3052
"Hearing Impaired",,,,,,,,,,3053
"Deep Standby",,,,,,,,,,3054
"Remote Addr",,,,,,,,,,3055
"Addr1",,,,,,,,,,3056
"Addr2",,,,,,,,,,3057
"Addr3",,,,,,,,,,3058
"Addr4",,,,,,,,,,3059
"FPGATest",,,,,,,,,,3060
"FPGATestMode",,,,,,,,,,3061
"Number","Nummer","Numero","Numero","Numero","?islo","Nummer","numer","Numara","Номер",3062
"ChannelChangeMode",,,,,,,,,,3063
"Fast","Fast","Fast","Fast","Fast","Fast","Fast","Fast","Fast","Fast",3064
"AfterPMT","AfterPMT","AfterPMT","AfterPMT","AfterPMT","AfterPMT","AfterPMT","AfterPMT","AfterPMT","AfterPMT",3065
"ConaxParingMode",,,,,,,,,,3066
"CI Default ForceDecrypt",,,,,,,,,,3067
"CI ForceDecrypt Mode",,,,,,,,,,3068
"Manual","Manuell","Manuel","Manuale","Manual","Ru?n?","Handmatig","R?cznie","Manuel","Вручную",3069
"AlphaCrypt Multiple Decryption",,,,,,,,,,3070
"Tuner2 Connect Type",,,,,,,,,,3071
"Separated","Getrennt","Separe","Separato","Separado","Odd?len?","Gescheiden","Oddzielny","Ayrı","Раздельно",3072
"Loopthrough","Durchgeschleift","Boucle","Passante","En bucle","Prod?eno","Doorgelust","Zap?tlenie","Dongulu","Циклически",3073
"Tuner2 Signal Config",,,,,,,,,,3074
"Same with Tuner 1","Wie Tuner 1 ","Comme tuner 1 ","Come tuner 1","Como con sintonizador 1","Jako tuner 1 ","Net als tuner 1","Jak tuner 1 ","Tuner 1’deki gibi","Как тюнер1 ",3075
"Different from Tuner 1","Unterschied zu Tuner 1","Difference par rapport a tuner 1","Differenza dal tuner 1","Diferencia resp. sintonizador 1","Diference k tuneru 1","Verschilt van tuner 1","Ro?nica w stos. do tunera 1","Tuner 1'e gore fark","В отличие от тюнера 1",3076
"Tuner1 Type",,,,,,,,,,3077
"Simple LNB","Einfaches LNB","LNB simple","Simple LNB","LNB simple","Jednoduche LNB","Simpele LNB","Simple LNB","Simple LNB","Simple LNB",3078
"DiSEqC 1.0","DiSEqC 1.0","DiSEqC 1,0","DiSEqC 1.0","DiSEqC 1,0","DiSEqC 1.0","DiSEqC 1.0","DiSEqC 1.0","DiSEqC 1.0","DiSEqC 1.0",3079
"DiSEqC 1.1","DiSEqC 1.1","DiSEqC 1,1","DiSEqC 1.1","DiSEqC 1,1","DiSEqC 1,1","DiSEqC 1.1","DiSEqC 1.1","DiSEqC 1.1","DiSEqC 1.1",3080
"Motorized, DiSEqC 1.2",,,,,,,,,,3081
"Motorized, USALS",,,,,,,,,,3082
"OneCable",,,,,,,,,,3083
"Tuner2 Type",,,,,,,,,,3084
"Channel Search Mode","Programmsuchlauf-Modus","mode recherche de programme","Modo ciclo di ricerca dei programmi","Modo busqueda canales","re?im vyhledavani program?","Modus voor Zoeken naar programma's","Tryb wyszukiwania programow","Program arama modu","Режим поиска программ",3085
"free only","nur freie","uniquement en clair","solo in chiaro","solo sin codificar","jen volne","alleen vrije","tylko darmowe","Sadece ?ifresizler","только свободные",3086
"scrambled only","nur verschlusselte","uniquement cryptes","solo criptato","solo codificados","jen kodovane","alleen gecodeerde","tylko kodowane","Sadece ?ifreliler","только кодированные",3087
"Network Search","NIT-Suchlauf","Recherche reseau","Ricerca rete","Busqueda de red","Vyhledavani sit?","Zoeken naar netwerken","Szukaj sieci","?ebeke arama","Поиск в сети",3088
"DVB Type","DVB-Typ","Type de DVB","Tipo DVB","Tipo DVB","Typ DVB","DVB-type","typ DVB","DVB tipi","Тип DVB",3089
"DVB-S (SD)",,,,,,,,,,3090
"DVB-S2 (HD)",,,,,,,,,,3091
"FEC","Fehlerrate","Taux d'erreurs","Tasso di errore","Tasa de errores","Chybova rychlost","Foutenfrequentie","Wska?nik bł?du","Hata oranı","Частота ошибок",3092
"QPSK 2/3",,,,,,,,,,3093
"QPSK 3/4",,,,,,,,,,3094
"QPSK 3/5",,,,,,,,,,3095
"QPSK 4/5",,,,,,,,,,3096
"QPSK 5/6",,,,,,,,,,3097
"QPSK 8/9",,,,,,,,,,3098
"QPSK 9/10",,,,,,,,,,3099
"8PSK 2/3",,,,,,,,,,3100
"8PSK 3/4",,,,,,,,,,3101
"8PSK 3/5",,,,,,,,,,3102
"8PSK 5/6",,,,,,,,,,3103
"8PSK 8/9",,,,,,,,,,3104
"8PSK 9/10",,,,,,,,,,3105
"Polarisation","Polarisation","Polarisation","Polarizzazione","Polarizacion","Polarizace","Polarisatie","polaryzacja","Polarizasyon","Поляризация",3106
"Summer Time","Sommerzeit","Heure d'ete","Ora legale","Hora de verano","Letni ?as","Zomertijd","Czas letni","Yaz saati","Летнее время",3107
"Lock Mainmenu","Hauptmenu sperren","Verrouiller le menu principal","Blocca menu principale","Bloquear menu principal","blokovani hlavniho menu","Hoofdmenu blokkeren","Blokowanie menu głownego","Ana menuyu kilitle","Блокировка главного меню",3108
"Lock Receiver","Receiver sperren","Verrouiller le recepteur","Blocca ricevitore","Bloquear el receptor","Blokovani p?ijima?e","Receiver blokkeren","Blokowanie odbiornika","Alıcıyı kilitle","Блокировка ресивера",3109
"Age Restricted",,,,,,,,,,3110
"Sleep Timer","Sleep Timer","Mise en veille","Sleep Timer","Sleep Timer","Sleep Timer","Sleep Timer","Sleep Timer","Uyku zamanlayıcı","Таймер ночного режима",3111
"Functional Range","Funktionsumfang","Fonctionnalites","Funzionalita","Alcance de la funcion","Rozsah funkci","Functieomvang","Funkcje odbiornika","Fonksiyon kapsamı","Объем функций",3112
"High","Hoch","Haut","Elevato","Alto","Vysoky","Hoog","Wysoka","Yuksek","Высокий",3113
"Middle","Mittel","Moyen","Medio","Medio","St?edni","Gemiddeld","?rednio","Orta","Средний",3114
"Low","Gering","Bas","Basso","reducido","Malo","Laag","Mała","Du?uk","Мало",3115
"Channel Banner Duration","Anzeigedauer Programm-Meldung","Duree d'affichage du message transmis pour le programme","Durata di visualizzazione della segnalazione di programma","Duracion visualizacion mensaje canal","Doba zobrazeni hla?eni programu","Weergaveduur programmamelding","Czas wy?wietlania komunikatow OSD","Program mesajı gosterim suresi","Продолжительность показа сообщения о программе",3116
"Playback Banner Duration","Anzeigedauer Wiedergabe-Meldung","Duree d'affichage du message de lecture","Durata di visualizzazione della segnalazione di riproduzione","Duracion de la visualizacion, mensaje de reproduccion","Doba zobrazeni hla?eni reprodukce","Weergaveduur weergavemelding","Czas wy?wietlania komunikatow odtwarzania","Oynatma mesajı gosterim suresi","Продолжительность показа сообщения о воспроизведении",3117
"Display Volume",,,,,,,,,,3118
"Front Display Brightness","Frontdisplay-Helligkeit","luminosite de l'afficheur avant","Luminosita display frontale","Luminosidad pantalla frontal","Jas p?edniho displeje","Helderheid frontdisplay","Jasno?? wy?wietlacza","On ekran parlaklı?ı","Яркость переднего дисплея",3119
"Bright","Hell","Clair","Chiaro","Claro","Jasne","Helder","Jasno","Parlak","Светлый",3120
"Dark","Dunkel","Sombre","Scuro","Oscuro","Tmave","Donker","Ciemno","Karanlık","Темный",3121
"EPG Grabbing","EPG-Aktualisierung","Mise a jour EPG","Aggiornamento EPG","Actualizacion de la EPG (avance de programas)","Aktualizace EPG","EPG-actualisering","Aktualizacja EPG","EPG guncellemesi","Актуализация EPG",3122
"tvtv",,,,,,,,,,3123
"SI",,,,,,,,,,3124
"Start View","Start-Bildschirm","ecran d'accueil","Schermo di avvio","Pantalla de inicio","Obrazovka p?i za?atku","Startweergave","Ekran pocz?tkowy","Ba?langıc ekranı","Начальный экран",3125
"Current","Jetzt lauft","Emission en cours","In corso","En ejecucion","Nyni b??i","Momenteel","Aktualnie trwa","?imdi calı?ıyor","Как раз идет",3126
"Schedule","Vorschau","Apercu","Anteprima","Vista preliminar","P?ehled","Programmaoverzicht","Podgl?d","Onizleme","Просмотр",3127
"Pre-Rec Time",,,,,,,,,,3128
"Post-Rec Time",,,,,,,,,,3129
"Automatic Timeshift","Automatischer Timeshift","Enregistrement differe automatique","Differita automatica","Timeshift automatico","Automaticky Timeshift","Automatische timeshift","Automatyczny Timeshift","Otomatik zaman kaydırma","Автоматический сдвиг времени",3130
"Timeshift Buffer Size","Timeshift-Große","taille enregistrement differe","Grandezza memoria differita","Magnitud Timeshift","Velikost Timeshift","Timeshift-grootte","Wielko?? Timeshift","Zaman kaydırma boyutu","Величина сдвига времени",3131
"Default Rec Duration",,,,,,,,,,3132
"Time Mode",,,,,,,,,,3133
"Time Installation",,,,,,,,,,3134
"OneCable Type",,,,,,,,,,3135
"EXR ... / EXU ...","EXR ... / EXU ...","EXR ... / EXU ...","EXR ... / EXU ...","EXR ... / EXU ...","EXR ... / EXU ...","EXR ... / EXU ...","EXR ... / EXU ...","EXR ... / EXU ...","EXR ... / EXU ...",3136
"UAS 481","UAS 481",,"UAS 481","UAS 481","UAS 481","UAS 481","UAS 481","UAS 481","UAS 481",3137
"MDU","Kanal mit PIN sichern","Proteger le canal avec un PIN","Blocca il canale con il PIN","Proteger canal con PIN","Zaji?t?ni kanalu pomoci kodu PIN","Kanaal met pincode beveiligen","Zabezpiecz kanał kodem PIN","Kanalı PIN ile koruma","Блокировать канал кодом PIN",3138
"Stop on Signal","Bei Signal stoppen","Arreter pour signal","Stop al segnale","Parar ante senal","P?i signalu zastavit","Stoppen bij signaal","Zatrzyma? po sygnale","Sinyal verildi?inde dur","При сигнале остановить",3139
"Local Time Offset","Lokaler UTC-Offset","Decalage heure UTC locale","Offset UTC locale","Offset local UTC","Mistni UTC-Offset","Lokale UTC-offset instellen","Ro?n. lokaln. UTC","Yerel UTC ofseti","Локальное смещение UTC",3140
"Motor Control Tuner1",,,,,,,,,,3141
"DiSEqC 1.2","DiSEqC 1.2","DiSEqC 1,2","DiSEqC 1.2","DiSEqC 1,2","DiSEqC 1,2","DiSEqC 1.2","DiSEqC 1.2","DiSEqC 1.2","DiSEqC 1.2",3142
"DiSEqC 1.3","DiSEqC 1.3","DiSEqC 1,3","DiSEqC 1.3","DiSEqC 1,3","DiSEqC 1,3","DiSEqC 1.3","DiSEqC 1.3","DiSEqC 1.3","DiSEqC 1.3",3143
"Motor Control Tuner2",,,,,,,,,,3144
"Band","Band","Bande","Banda","Banda","Pasmo","Band","Pasmo","Bant","Полоса частот",3145
"Ku Band","Ku-Band","Bande Ku","Banda Ku","Banda Ku","Pasmo Ku","Ku-band","Pasmo Ku","Ku bandı","Ku-полоса",3146
"C Band","C-Band","Bande C","Banda C","Banda C","Pasmo C","C-band","Pasmo C","C bandı","С-полоса",3147
"Country",,,,,,,,,,3148
"UAS 481 SCR",,,,,,,,,,3149
"EXR EXU SCR",,,,,,,,,,3150
"Use OneCable",,,,,,,,,,3151
"Fan Control","Luftersteuerung","commande de ventilateur","Comando ventola","Control del ventilador","?izeni ventilatoru","Ventilatorregeling","Sterowanie wentylatorem","Fan kumandası","Управление вентилятором",3152
"Audio Delay","Audio-Verzogerung","Temporisation audio","Ritardo audio","Retardo de audio","Zpo?d?ni zvuku","Audiovertraging","Opo?nienie audio","Otomatik geciktirme","Аудио-задержка",3153
"Shuffle","Zufall","Hasard","Casuale","Casualidad","Nahoda","Willekeurig","Przypadek","Rasgele","Случайно",3154
"Repeat","Wiederholen","Repeter","Ripeti","Repetir","Opakovat","Herhalen","Powtorz","Tekrarla","Повторить",3155
"Playback Duration",,,,,,,,,,3156
"FTP",,,,,,,,,,3157
"4G_Limit",,,,,,,,,,3158
"UPnP",,,,,,,,,,3159
"RTP Packet",,,,,,,,,,3160
"Audio Mute",,,,,,,,,,3161
"Automatic Software Download",,,,,,,,,,3162
"Conax New Message",,,,,,,,,,3163
"Age Limit",,,,,,,,,,3164
"No Limit",,,,,,,,,,3165
"Background Theme",,,,,,,,,,3166
"GrayScale",,,,,,,,,,3167
"Violet",,,,,,,,,,3168
"Autumn",,,,,,,,,,3169
"Wine",,,,,,,,,,3170
"Sea",,,,,,,,,,3171
"Forest",,,,,,,,,,3172
"Transparency",,,,,,,,,,3173
"Zapping Mode",,,,,,,,,,3174
"Favorite",,"Favoris",,,,,,,,3175
"Network",,"Reseau",,,,,,,,3176
"Cas",,,,,,,,,,3177
"Recording List Mode",,,,,,,,,,3178
"Folder",,,,,,,,,,3179
"Category",,,,,,,,,,3180
"Priority",,,,,,,,,,3181
"Recording List Sort",,,,,,,,,,3182
"Title",,,,,,,,,,3183
"Antenna 5V",,,,,,,,,,3184
"EPG Mode",,,,,,,,,,3185
"List",,,,,,,,,,3186
"Grid",,,,,,,,,,3187
"Automatic Standby Decrypt",,,,,,,,,,3188
"Use WLAN",,,,,,,,,,3189
"FTP Transaction",,,,,,,,,,3190
"Disabled","Aus","Arret","Off","Off","Vyp","Uit","Wył.","Kapalı","Выкл",3191
"Enabled",,,,,,,,,,3192
"UPNP Transaction",,,,,,,,,,3193
"Media Browser Filter",,,,,,,,,,3194
"All Media",,,,,,,,,,3195
"Music",,,,,,,,,,3196
"Photo",,,,,,,,,,3197
"Movie",,,,,,,,,,3198
"Auto EPG",,,,,,,,,,3199
"EPG Grab Interval",,,,,,,,,,3200
"Auto EPG Channel",,,,,,,,,,3201
"Channel Number",,,,,,,,,,3202
"Favorites",,,,,,,,,,3203
"EPG Grid Unit",,,,,,,,,,3204
"EPG Grab Enabled",,,,,,,,,,3205
"Make Dedicated HDD",,,,,,,,,,3206
"Started",,,,,,,,,,3207
"Decided",,,,,,,,,,3208
"Viewing Tuner Free",,,,,,,,,,3209
"FrontDisplay Function",,,,,,,,,,3210
"Clock",,,,,,,,,,3211
"Dynamic SI Handling",,,,,,,,,,3212
"Simple MP3",,,,,,,,,,3213
"MP3 Player Screensaver",,,,,,,,,,3214
"Channel Order Country",,,,,,,,,,3215
"DE",,,,,,,,,,3216
"AT",,,,,,,,,,3217
"Viaccess Console",,,,,,,,,,3218
"Viaccess FreeChannel Lock",,,,,,,,,,3219
"Viaccess SChip Mode",,,,,,,,,,3220
"Inactive",,,,,,,,,,3221
"Session",,,,,,,,,,3222
"Locked",,,,,,,,,,3223
"Force 576i",,,,,,,,,,3224
"HDCP",,,,,,,,,,3225
"Viaccess Standby",,,,,,,,,,3226
"Viaccess StopFreeChannels",,,,,,,,,,3227
"Viaccess HasAlarm",,,,,,,,,,3228
"Youtube Feed",,,,,,,,,,3229
"Top Rated",,,,,,,,,,3230
"Top Favorites",,,,,,,,,,3231
"Most Viewed",,,,,,,,,,3232
"Most Popular",,,,,,,,,,3233
"Most Recent",,,,,,,,,,3234
"Most Discussed",,,,,,,,,,3235
"Most Responded",,,,,,,,,,3236
"Recently Featured",,,,,,,,,,3237
"Watch On Mobile",,,,,,,,,,3238
"Youtube Region",,,,,,,,,,3239
"Global",,,,,,,,,,3240
"Australia",,,,,,,,,,3241
"Brazil",,,,,,,,,,3242
"Canada",,,,,,,,,,3243
"Czech Republic",,,,,,,,,,3244
"France",,,,,,,,,,3245
"Germany",,,,,,,,,,3246
"Great Britain",,,,,,,,,,3247
"Holland",,,,,,,,,,3248
"Hong Kong",,,,,,,,,,3249
"India",,,,,,,,,,3250
"Ireland",,,,,,,,,,3251
"Israel",,,,,,,,,,3252
"Italy",,,,,,,,,,3253
"Japan",,,,,,,,,,3254
"Mexico",,,,,,,,,,3255
"New Zealand",,,,,,,,,,3256
"Poland",,,,,,,,,,3257
"Russia",,,,,,,,,,3258
"South Korea",,,,,,,,,,3259
"Spain",,,,,,,,,,3260
"Sweden",,,,,,,,,,3261
"Taiwan",,,,,,,,,,3262
"United States",,,,,,,,,,3263
"Youtube Time",,,,,,,,,,3264
"All Time",,,,,,,,,,3265
"Today",,,,,,,,,,3266
"This Week",,,,,,,,,,3267
"This Month",,,,,,,,,,3268
"Youtube Category",,,,,,,,,,3269
"Entertainment",,,,,,,,,,3270
"Shows",,,,,,,,,,3271
"Games",,,,,,,,,,3272
"Film",,,,,,,,,,3273
"News",,,,,,,,,,3274
"Tech",,,,,,,,,,3275
"Comedy",,,,,,,,,,3276
"Youtube Quality",,,,,,,,,,3277
"SQ",,,,,,,,,,3278
"HQ",,,,,,,,,,3279
"Media Player Jump",,,,,,,,,,3280
"FTA Scan",,,,,,,,,,3281
"Scan Mode",,,,,,,,,,3282
"Individual",,,,,,,,,,3283
"Collectif",,,,,,,,,,3284
"Primary Polarization",,,,,,,,,,3285
"Secondary Polarization",,,,,,,,,,3286
"Primary FEC",,,,,,,,,,3287
"Secondary FEC",,,,,,,,,,3288
"Primary DVB Type",,,,,,,,,,3289
"Secondary DVB Type",,,,,,,,,,3290
"Canalplus BAT DVBType",,,,,,,,,,3291
"Canalplus BAT Polarization",,,,,,,,,,3292
"Canalplus BAT FEC",,,,,,,,,,3293
"Record Management",,,,,,,,,,3294
"HDMI Color Space",,,,,,,,,,3295
"YUV",,,,,,,,,,3296
"Download Polarization",,,,,,,,,,3297
"Download FEC",,,,,,,,,,3298
"Download DVB Type",,,,,,,,,,3299
"Need SSU",,,,,,,,,,3300
"NO",,,,,,,,,,3301
"YES",,,,,,,,,,3302
"Font Size",,,,,,,,,,3303
"Power Save Mode",,,,,,,,,,3304
"HDDRepartition",,,,,,,,,,3305
"Disk Format Type",,,,,,,,,,3306
"Diseqc Mode",,,,,,,,,,3307
"1 of 4","1 von 4","1 de 4","1 di 4","1 de 4","1 ze 4","1 van 4","1 z 4",,"1 из 4",3308
"2 of 4","2 von 4","2 de 4","2 di 4","2 de 4","2 ze 4","2 van 4","2 z 4",,"2 из 4",3309
"3 of 4","3 von 4","3 de 4","3 di 4","3 de 4","3 ze 4","3 van 4","3 z 4",,"3 из 4",3310
"4 of 4","4 von 4","4 de 4","4 di 4","4 de 4","4 ze 4","4 van 4","4 z 4",,"4 из 4",3311
"Mini A",,,,,,,,,,3312
"Mini B",,,,,,,,,,3313
"Single Frequency",,,,,,,,,,3314
"One Cable Action",,,,,,,,,,3315
"Set Current Position for East Limit",,,,,,,,,,3316
"Set Current Position for West Limit",,,,,,,,,,3317
"Reset Channel List","Programmliste zurucksetzen","Reinitialiser la liste des programmes","Ripristina elenco programmi","Reponer lista de canales","Vynulovat seznam program?","Programmalijst resetten","Cofanie listy programow","Program listesini sıfırla","Сбросить список программ",3318
"Reset Favorite Add-ons",,,,,,,,,,3319
"Reset Configure Setting",,,,,,,,,,3320
